Model,Accuracy,AUC,Precision,Recall,F1,MCC
Logistic Regression,0.921645445641528,0.9931472337144085,0.9225348891948367,0.921645445641528,0.9218037521828348,0.9053845698916094
Decision Tree,0.8922624877571009,0.9334788335463929,0.8919636450278154,0.8922624877571009,0.892046086972022,0.8698042310191126
KNN,0.9167482859941234,0.9813521676168017,0.9174196420956918,0.9167482859941234,0.916938464694103,0.8993412755973911
Naive Bayes,0.901077375122429,0.9902111104578717,0.904127290687687,0.901077375122429,0.9011847177684218,0.881239406262877
Random Forest,0.9211557296767875,0.9910014522781014,0.9213182968284527,0.9211557296767875,0.9211657391340051,0.9046410168840308
XGBoost,0.9226248775710089,0.9937389469903759,0.9229373888029027,0.9226248775710089,0.9227575026810755,0.906415041399431
